{
  "Class_0": {
    "precision": 0.9053254437869822,
    "recall": 0.9198396793587175,
    "f1-score": 0.9125248508946322,
    "support": 998.0
  },
  "Class_1": {
    "precision": 0.9188640973630832,
    "recall": 0.9041916167664671,
    "f1-score": 0.9114688128772636,
    "support": 1002.0
  }
}