{
  "train_loss": [
    0.44053243935108183,
    0.1084623396396637,
    0.03658235415816307,
    0.016331220865249633,
    0.008629776500165463,
    0.005623707864433527,
    0.0040083502419292925,
    0.0029363033082336187,
    0.0024997282167896627,
    0.0019176198914647102,
    0.0017823134642094374,
    0.0013911352539435029
  ],
  "val_loss": [
    0.21682693123817443,
    0.18684896528720857,
    0.19246300160884858,
    0.1994349992275238,
    0.2115207767486572,
    0.2177875143289566,
    0.22338568687438964,
    0.2286165714263916,
    0.23230595529079437,
    0.23786437451839448,
    0.25024266362190245,
    0.2491510158777237
  ],
  "train_metric": [],
  "val_metric": [],
  "lr": [
    0.0009997557473810372,
    0.0009990232305719946,
    0.0009978031724785247,
    0.0009960967771506667,
    0.0009939057285945933,
    0.0009912321891107012,
    0.0009880787971596802,
    0.0009844486647586726,
    0.000980345374410087,
    0.0009757729755661012,
    0.0009707359806323418,
    0.0009652393605146846
  ]
}